district,name,batch_raw,tier,score
chengliuqu,西北工业大学附属中学,第一批次,省示范,623
chengliuqu,西安市铁一中学,第一批次,省示范,622
chengliuqu,西安交通大学附属中学,第一批次,省示范,620
chengliuqu,西安铁一中国际合作学校,第二批次,省标,615
chengliuqu,西安市第三中学,第一批次,省示范,609
chengliuqu,西安市第二十六中学,第一批次,省示范,595
chengliuqu,太乙路中学,第二批次,省标,590
chengliuqu,西安市第八中学,第二批次,省标,590
chengliuqu,西北大学附属中学,第一批次,省示范,590
chengliuqu,西安市第二中学,第二批次,省标,590
chengliuqu,西安市第六中学分校,第二批次,省标,580
chengliuqu,西安市第六中学,第一批次,省示范,580
chengliuqu,西安建筑科技大学附属中学,第一批次,省示范,575
chengliuqu,西安市第八十二中学,第二批次,省标,571
chengliuqu,西安市含光中学,第二批次,省标,570
chengliuqu,西安市中铁中学,第二批次,省标,560
chengliuqu,西安市第八十六中学,第二批次,省标,548
chengliuqu,西安市第七十一中学,第二批次,省标,542
chengliuqu,西安工业大学附中,第二批次,省标,538
chengliuqu,西安高新第一中学,第一批次,省示范,620
chengliuqu,陕西师范大学附属中学,第一批次,省示范,616
chengliuqu,西安崇是中学,第二批次,省标,606
chengliuqu,西安市第八十五中学,第一批次,省示范,596
chengliuqu,西安市曲江第一中学,第一批次,省示范,595
chengliuqu,西安交通大学附属中学航天高级中学,第二批次,省标,595
chengliuqu,西安市航天城第一中学,第二批次,省标,590
chengliuqu,西安市高新第二高级中学,第二批次,省标,589
chengliuqu,西安市航天城第二中学,第二批次,普高,589
chengliuqu,西安高新一中实验中学,第二批次,普高,587
chengliuqu,西安高新唐南中学,第二批次,省标,580
chengliuqu,西安高新第三中学,第一批次,省示范,578
chengliuqu,西安市曲江第二中学,第二批次,省标,577
chengliuqu,西安电子科技大学附属中学,第一批次,省示范,575
chengliuqu,西安市雁塔区第二中学,第二批次,普高,573
chengliuqu,高新区第四完全中学,第二批次,普高,570
chengliuqu,西安市阳光中学,第二批次,省标,568
chengliuqu,西安市航天中学,第一批次,省示范,565
chengliuqu,西安市育才中学,第一批次,省示范,558
chengliuqu,西安雁南中学,第二批次,省标,555
chengliuqu,西安东仪中学,第二批次,省标,548
chengliuqu,西安太白学校,第二批次,省标,540
chengliuqu,西安市第四十五中学,第二批次,省标,532
chengliuqu,西安市第四十六中学,第二批次,省标,527
chengliuqu,西安藤信高级中学,第二批次,普高,520
chengliuqu,西安市第五十三中学,第二批次,省标,520
chengliuqu,西安电子科技中学,第二批次,省标,520
chengliuqu,西安博迪学校,第二批次,省标,506
chengliuqu,西安高新区第五高级中学,第二批次,普高,492
chengliuqu,西安景泓高级中学,第二批次,普高,492
chengliuqu,西安市第八十三中学,第一批次,省示范,604
chengliuqu,西安市第八十九中学,第一批次,省示范,596
chengliuqu,西安市第八十九中学分校,第二批次,普高,590
chengliuqu,西安市西光中学,第一批次,省示范,585
chengliuqu,西安市第七十二中学,第二批次,省标,572
chengliuqu,西安市黄河中学,第二批次,省标,562
chengliuqu,西安市华山中学,第二批次,省标,545
chengliuqu,西安市第三十中学,第二批次,省标,538
chengliuqu,西安市大明宫中学,第二批次,省标,530
chengliuqu,西安市东方中学,第二批次,省标,530
chengliuqu,西安市昆仑中学,第二批次,省标,528
chengliuqu,西安市第三十八中学,第二批次,省标,526
chengliuqu,西安市第四十三中学,第二批次,省标,520
chengliuqu,陕西省西安中学,第一批次,省示范,610
chengliuqu,西安市经开第一中学,第一批次,省示范,590
chengliuqu,西安高级中学,第一批次,省示范,581
chengliuqu,西安市第七十五中学,第一批次,省示范,575
chengliuqu,西安市西航一中,第一批次,省示范,572
chengliuqu,西安市西大附中浐灞中学,第二批次,省标,570
chengliuqu,西安市经开第三中学,第二批次,省标,567
chengliuqu,西安市第六十六中学,第一批次,省示范,560
chengliuqu,西安市浐灞第二中学,第二批次,普高,555
chengliuqu,西安市第四十八中学,第二批次,省标,550
chengliuqu,西安市经开第二中学,第二批次,省标,545
chengliuqu,西安市第十一中学,第二批次,省标,541
chengliuqu,西安锦园中学,第二批次,省标,540
chengliuqu,西安市第五十八中学,第二批次,普高,532
chengliuqu,西安市汉都新苑中学,第二批次,普高,530
chengliuqu,长庆二中,第二批次,省标,523
chengliuqu,西安外国语学校,第二批次,省标,513
chengliuqu,西安博爱学校,第二批次,省标,505
chengliuqu,西安市第一中学,第一批次,省示范,602
chengliuqu,西安市远东第一中学,第一批次,省示范,570
chengliuqu,西安市庆安高级中学,第一批次,省示范,569
chengliuqu,西安市远东第二中学,第一批次,省示范,567
chengliuqu,西安市第七十中学,第一批次,省示范,559
chengliuqu,西安市莲湖第一中学,第二批次,普高,555
chengliuqu,西安市第三十一中学,第二批次,普高,550
chengliuqu,西安市西电中学,第二批次,省标,546
chengliuqu,西安市第十中学,第二批次,省标,539
chengliuqu,西安市第二十五中学,第二批次,省标,530
chengliuqu,西安市第四十四中学,第二批次,省标,528
chengliuqu,西安市第四十二中学,第二批次,省标,520
chengliuqu,西安铁一中滨河高级中学,第一批次,省示范,614
chengliuqu,西安国际港务区铁一中陆港高级中学,第二批次,普高,609
chengliuqu,西安国际港务区高新一中陆港中学,第二批次,普高,603
chengliuqu,陕西师范大学陆港高级中学,第二批次,普高,590
chengliuqu,西安市交大附中浐灞右岸学校,第二批次,普高,590
chengliuqu,西安市东城第一中学,第一批次,省示范,574
chengliuqu,西安市第五十五中学,第二批次,省标,571
chengliuqu,西安市五环中学,第二批次,省标,560
chengliuqu,西安国际港务区实验中学,第二批次,省标,551
chengliuqu,西安市庆华中学,第二批次,省标,543
chengliuqu,西安市第三十四中学,第二批次,省标,538
chengliuqu,西安市宇航中学,第二批次,省标,520
chengliuqu,西安西港花园高级中学,第二批次,省标,515
chengliuqu,西安市第十九中学,第二批次,省标,510
